,bm25,tfidf,jmsmoothing,tfidf_stopping,jmsmoothing_stopping,Lucene,bm25_query_enrichment,bm25_stopping
5,0.36923076923076914,0.31153846153846154,0.34615384615384615,0.35384615384615375,0.35,0.36538461538461536,0.2807692307692307,0.36538461538461536
20,0.19423076923076926,0.1778846153846154,0.18750000000000003,0.19230769230769232,0.2076923076923077,0.2019230769230769,0.22596153846153846,0.2105769230769231
